{"last_tab":"1","background_favicon":{"url":"http:\/\/streamlab.gentechtree.com\/red-demo\/wp-content\/uploads\/sites\/2\/2021\/02\/fav.png","id":"8303","height":"512","width":"512","thumbnail":"http:\/\/streamlab.gentechtree.com\/red-demo\/wp-content\/uploads\/sites\/2\/2021\/02\/fav-150x150.png"},"loader_switch":"image","background_loader":{"url":"http:\/\/streamlab.gentechtree.com\/red-demo\/wp-content\/uploads\/sites\/2\/2021\/02\/Logo-2.png","id":"8255","height":"156","width":"520","thumbnail":"http:\/\/streamlab.gentechtree.com\/red-demo\/wp-content\/uploads\/sites\/2\/2021\/02\/Logo-2-150x150.png"},"loader_dimensions":{"width":"","height":"","units":"px"},"loader_text":"Loading....","loader_tag":"h2","loader_color":"","loader_background_color":"","back_to_top":"yes","back_top_background_color":"","back_top_background_color_hover":"","logo_type":"image","logo_url":{"url":"http:\/\/streamlab.gentechtree.com\/red-demo\/wp-content\/uploads\/sites\/2\/2021\/02\/Logo-2.png","id":"8255","height":"156","width":"520","thumbnail":"http:\/\/streamlab.gentechtree.com\/red-demo\/wp-content\/uploads\/sites\/2\/2021\/02\/Logo-2-150x150.png"},"logo_dimensions":{"width":"","height":"px","units":"px"},"header_logo_text":"","header_logo_tag":"h2","header_logo_color":"#ffffff","header_search_enable":"yes","header_action_enable":"yes","action_btn_text":"Subscribe","action_btn_url":"http:\/\/streamlab.gentechtree.com\/register\/","header_back_opt_switch":"none","header_back_img":{"url":"","id":"","height":"","width":"","thumbnail":""},"header_back_color":"","menu_normal_color":"","menu_hover_color":"","menu_active_color":"","sub_menu_normal_color":"","sub_menu_hover_color":"","sub_menu_active_color":"","sub_menu_background_color":"","sub_menu_background_hover_color":"","sub_menu_background_active_color":"","enable_banner":"yes","display_breadcrumbs":"yes","display_title":"yes","breadcrumbs_color":"","breadcrumbs_hover_color":"","breadcrumbs_active_color":"","breadcrumbs_indicator_color":"","title_color":"","banner_back_type":"image","banner_image":{"url":"http:\/\/streamlab.gentechtree.com\/red-demo\/wp-content\/uploads\/sites\/2\/2019\/02\/23-1.jpg","id":"6277","height":"1080","width":"1920","thumbnail":"http:\/\/streamlab.gentechtree.com\/red-demo\/wp-content\/uploads\/sites\/2\/2019\/02\/23-1-150x150.jpg"},"banner_back_color":"","blog_btn_text":"Read More","post_load_type":"pagination","post_layout":"3","post_sidebar":"no_sidebar","single_blog_sidebar":"right_sidebar","enable_comment":"yes","title_404":"404 Error","description_404":"Oops! This Page is Not Found.","logo_footer":{"url":"http:\/\/streamlab.gentechtree.com\/red-demo\/wp-content\/uploads\/sites\/2\/2021\/02\/Logo-2.png","id":"8255","height":"156","width":"520","thumbnail":"http:\/\/streamlab.gentechtree.com\/red-demo\/wp-content\/uploads\/sites\/2\/2021\/02\/Logo-2-150x150.png"},"logo_playstore":{"url":"http:\/\/streamlab.gentechtree.com\/red-demo\/wp-content\/uploads\/sites\/2\/2021\/01\/2.png","id":"6720","height":"60","width":"200","thumbnail":"http:\/\/streamlab.gentechtree.com\/red-demo\/wp-content\/uploads\/sites\/2\/2021\/01\/2-150x60.png"},"link_playstore":"https:\/\/play.google.com\/store","logo_appstore":{"url":"http:\/\/streamlab.gentechtree.com\/red-demo\/wp-content\/uploads\/sites\/2\/2021\/01\/1.png","id":"6719","height":"60","width":"200","thumbnail":"http:\/\/streamlab.gentechtree.com\/red-demo\/wp-content\/uploads\/sites\/2\/2021\/01\/1-150x60.png"},"link_appstore":"https:\/\/www.apple.com\/in\/app-store\/","footer_layout":"4","footer_back_opt_switch":"none","footer_back_img":{"url":"","id":"","height":"","width":"","thumbnail":""},"footer_back_color":"","streamlab_copyright_text":"Copyright 2021 stremlab All Rights Reserved.","streamlab_copyright_link":"#","phone":"","email":"","address":"","social":{"fa-facebook-f":"www.facebook.com?share=","fa-instagram":"#","fa-twitter":"#","fa-skype":""},"social_link":{"fa-facebook-f":"#","fa-instagram":"#","fa-skype":"#","fa-twitter":"#"},"color_demo":"red","pt_primary_color":"","pt_secondary_color":"","pt_dark_color":"","pt_grey_color":"","pt_white_color":"","movie_box_style":"3","movie_layout":"4","movie_load_type":"pagination","movie_dimensions":{"width":"px","height":"px","units":"px"},"single_movie_load_type":"loadmore","single_movie_load_title":"More Like This","single_movie_load_filter":"all","movie_playlist_load_type":"loadmore","tv_show_box_style":"1","tv_show_layout":"4","tv_show_load_type":"pagination","tv_show_dimensions":{"width":"500px","height":"400px","units":"px"},"episode_dimensions":{"width":"500px","height":"400px","units":"px"},"single_tv_show_load_type":"loadmore","single_tv_show_load_title":"More Like This","single_tv_show_load_filter":"all","tv_show_playlist_load_type":"loadmore","video_box_style":"2","video_layout":"4","video_load_type":"pagination","video_dimensions":{"width":"px","height":"px","units":"px"},"single_video_load_type":"loadmore","single_video_load_title":"More Like This","single_video_load_filter":"all","video_playlist_load_type":"loadmore","pms_enable":"yes","my_account_url":"http:\/\/streamlab.gentechtree.com\/red-demo\/my-account\/","login_url":"http:\/\/streamlab.gentechtree.com\/red-demo\/login\/","register_url":"http:\/\/streamlab.gentechtree.com\/red-demo\/register","login_form_title":"Sign In","login_back_image":{"url":"http:\/\/streamlab.gentechtree.com\/red-demo\/wp-content\/uploads\/sites\/2\/2021\/02\/b-img.jpg","id":"7288","height":"1080","width":"1920","thumbnail":"http:\/\/streamlab.gentechtree.com\/red-demo\/wp-content\/uploads\/sites\/2\/2021\/02\/b-img-150x150.jpg"},"register_form_title":"Register","register_back_image":{"url":"http:\/\/streamlab.gentechtree.com\/red-demo\/wp-content\/uploads\/sites\/2\/2019\/02\/3-4.jpg","id":"7237","height":"1080","width":"1920","thumbnail":"http:\/\/streamlab.gentechtree.com\/red-demo\/wp-content\/uploads\/sites\/2\/2019\/02\/3-4-150x150.jpg"},"recover_form_title":"Recover Password","recover_back_image":{"url":"http:\/\/streamlab.gentechtree.com\/red-demo\/wp-content\/uploads\/sites\/2\/2019\/02\/45.jpg","id":"6168","height":"1080","width":"1920","thumbnail":"http:\/\/streamlab.gentechtree.com\/red-demo\/wp-content\/uploads\/sites\/2\/2019\/02\/45-150x150.jpg"},"enable_user_menu":"yes","enable_user_library":"yes","enable_upload_video":"yes","enable_playlist_button":"yes","enable_share_button":"yes","enable_like_button":"yes","redux-backup":1}